
INSERT INTO AgeRange (age_id, age_range) VALUES (1, '5-11');
INSERT INTO AgeRange (age_id, age_range) VALUES (2, '11-14');
INSERT INTO AgeRange (age_id, age_range) VALUES (3, '15-18');
INSERT INTO AgeRange (age_id, age_range) VALUES (4, '19-29');
INSERT INTO AgeRange (age_id, age_range) VALUES (5, '30-39');
INSERT INTO AgeRange (age_id, age_range) VALUES (6, '40-49');
INSERT INTO AgeRange (age_id, age_range) VALUES (7, '50-59');
INSERT INTO AgeRange (age_id, age_range) VALUES (8, '60-69');
INSERT INTO AgeRange (age_id, age_range) VALUES (9, '70-79');
INSERT INTO AgeRange (age_id, age_range) VALUES (10, '80-89');
INSERT INTO AgeRange (age_id, age_range) VALUES (11, '90-100');
INSERT INTO AgeRange (age_id, age_range) VALUES (12, '100-');
INSERT INTO Genre (genre_id, genreName, information) VALUES (1, 'Action', 'Exciting scenes with physical activity');
INSERT INTO Genre (genre_id, genreName, information) VALUES (2, 'Comedy', 'Intended to make the audience laugh');
INSERT INTO Genre (genre_id, genreName, information) VALUES (3, 'Drama', 'Serious, emotional narratives');
INSERT INTO Genre (genre_id, genreName, information) VALUES (4, 'Horror', 'Designed to frighten and scare');
INSERT INTO Genre (genre_id, genreName, information) VALUES (5, 'Sci-Fi', 'Based on speculative scientific discoveries');
INSERT INTO Genre (genre_id, genreName, information) VALUES (6, 'Romance', 'Centered around love stories');
INSERT INTO Genre (genre_id, genreName, information) VALUES (7, 'Documentary', 'Non-fiction and informative content');
INSERT INTO Genre (genre_id, genreName, information) VALUES (8, 'Animation', 'Created with drawn or computer graphics');
INSERT INTO Genre (genre_id, genreName, information) VALUES (9, 'Fantasy', 'Set in fictional universes with magic');
INSERT INTO Genre (genre_id, genreName, information) VALUES (10, 'Thriller', 'Suspenseful, tense, and exciting plots');

INSERT INTO Movie (movie_id, title, release_date, director, age_limit, running_time, movieInfo, actor) VALUES (1, 'Movie 1', '2023-05-10', 'Director 1', '0', '120', 'Description of Movie 1', 'Actor 1');
INSERT INTO Movie (movie_id, title, release_date, director, age_limit, running_time, movieInfo, actor) VALUES (2, 'Movie 2', '2023-09-22', 'Director 2', '19+', '120', 'Description of Movie 2', 'Actor 2');
INSERT INTO Movie (movie_id, title, release_date, director, age_limit, running_time, movieInfo, actor) VALUES (3, 'Movie 3', '2023-09-26', 'Director 3', '0', '120', 'Description of Movie 3', 'Actor 3');
INSERT INTO Movie (movie_id, title, release_date, director, age_limit, running_time, movieInfo, actor) VALUES (4, 'Movie 4', '2023-04-27', 'Director 4', '19+', '120', 'Description of Movie 4', 'Actor 4');
INSERT INTO Movie (movie_id, title, release_date, director, age_limit, running_time, movieInfo, actor) VALUES (5, 'Movie 5', '2023-05-21', 'Director 5', '0', '120', 'Description of Movie 5', 'Actor 5');
INSERT INTO Movie (movie_id, title, release_date, director, age_limit, running_time, movieInfo, actor) VALUES (6, 'Movie 6', '2023-01-21', 'Director 6', '0', '120', 'Description of Movie 6', 'Actor 6');
INSERT INTO Movie (movie_id, title, release_date, director, age_limit, running_time, movieInfo, actor) VALUES (7, 'Movie 7', '2023-06-20', 'Director 7', '12+', '120', 'Description of Movie 7', 'Actor 7');
INSERT INTO Movie (movie_id, title, release_date, director, age_limit, running_time, movieInfo, actor) VALUES (8, 'Movie 8', '2023-05-10', 'Director 8', '19+', '120', 'Description of Movie 8', 'Actor 8');
INSERT INTO Movie (movie_id, title, release_date, director, age_limit, running_time, movieInfo, actor) VALUES (9, 'Movie 9', '2023-06-16', 'Director 9', '15+', '120', 'Description of Movie 9', 'Actor 9');
INSERT INTO Movie (movie_id, title, release_date, director, age_limit, running_time, movieInfo, actor) VALUES (10, 'Movie 10', '2023-07-10', 'Director 10', '0', '120', 'Description of Movie 10', 'Actor 10');
INSERT INTO Movie (movie_id, title, release_date, director, age_limit, running_time, movieInfo, actor) VALUES (11, 'Movie 11', '2023-05-26', 'Director 11', '15+', '120', 'Description of Movie 11', 'Actor 11');
INSERT INTO Movie (movie_id, title, release_date, director, age_limit, running_time, movieInfo, actor) VALUES (12, 'Movie 12', '2023-02-23', 'Director 12', '19+', '120', 'Description of Movie 12', 'Actor 12');
INSERT INTO Movie (movie_id, title, release_date, director, age_limit, running_time, movieInfo, actor) VALUES (13, 'Movie 13', '2023-02-24', 'Director 13', '0', '120', 'Description of Movie 13', 'Actor 13');
INSERT INTO Movie (movie_id, title, release_date, director, age_limit, running_time, movieInfo, actor) VALUES (14, 'Movie 14', '2023-03-11', 'Director 14', '15+', '120', 'Description of Movie 14', 'Actor 14');
INSERT INTO Movie (movie_id, title, release_date, director, age_limit, running_time, movieInfo, actor) VALUES (15, 'Movie 15', '2023-01-12', 'Director 15', '0', '120', 'Description of Movie 15', 'Actor 15');
INSERT INTO Movie (movie_id, title, release_date, director, age_limit, running_time, movieInfo, actor) VALUES (16, 'Movie 16', '2023-06-21', 'Director 16', '12+', '120', 'Description of Movie 16', 'Actor 16');
INSERT INTO Movie (movie_id, title, release_date, director, age_limit, running_time, movieInfo, actor) VALUES (17, 'Movie 17', '2023-01-28', 'Director 17', '0', '120', 'Description of Movie 17', 'Actor 17');
INSERT INTO Movie (movie_id, title, release_date, director, age_limit, running_time, movieInfo, actor) VALUES (18, 'Movie 18', '2023-03-14', 'Director 18', '12+', '120', 'Description of Movie 18', 'Actor 18');
INSERT INTO Movie (movie_id, title, release_date, director, age_limit, running_time, movieInfo, actor) VALUES (19, 'Movie 19', '2023-09-14', 'Director 19', '15+', '120', 'Description of Movie 19', 'Actor 19');
INSERT INTO Movie (movie_id, title, release_date, director, age_limit, running_time, movieInfo, actor) VALUES (20, 'Movie 20', '2023-06-25', 'Director 20', '15+', '120', 'Description of Movie 20', 'Actor 20');
INSERT INTO Movie (movie_id, title, release_date, director, age_limit, running_time, movieInfo, actor) VALUES (21, 'Movie 21', '2023-06-27', 'Director 21', '15+', '120', 'Description of Movie 21', 'Actor 21');
INSERT INTO Movie (movie_id, title, release_date, director, age_limit, running_time, movieInfo, actor) VALUES (22, 'Movie 22', '2023-09-10', 'Director 22', '12+', '120', 'Description of Movie 22', 'Actor 22');
INSERT INTO Movie (movie_id, title, release_date, director, age_limit, running_time, movieInfo, actor) VALUES (23, 'Movie 23', '2023-08-14', 'Director 23', '0', '120', 'Description of Movie 23', 'Actor 23');
INSERT INTO Movie (movie_id, title, release_date, director, age_limit, running_time, movieInfo, actor) VALUES (24, 'Movie 24', '2023-07-26', 'Director 24', '0', '120', 'Description of Movie 24', 'Actor 24');
INSERT INTO Movie (movie_id, title, release_date, director, age_limit, running_time, movieInfo, actor) VALUES (25, 'Movie 25', '2023-06-19', 'Director 25', '19+', '120', 'Description of Movie 25', 'Actor 25');
INSERT INTO Movie (movie_id, title, release_date, director, age_limit, running_time, movieInfo, actor) VALUES (26, 'Movie 26', '2023-01-17', 'Director 26', '0', '120', 'Description of Movie 26', 'Actor 26');
INSERT INTO Movie (movie_id, title, release_date, director, age_limit, running_time, movieInfo, actor) VALUES (27, 'Movie 27', '2023-01-19', 'Director 27', '0', '120', 'Description of Movie 27', 'Actor 27');
INSERT INTO Movie (movie_id, title, release_date, director, age_limit, running_time, movieInfo, actor) VALUES (28, 'Movie 28', '2023-02-12', 'Director 28', '12+', '120', 'Description of Movie 28', 'Actor 28');
INSERT INTO Movie (movie_id, title, release_date, director, age_limit, running_time, movieInfo, actor) VALUES (29, 'Movie 29', '2023-06-13', 'Director 29', '12+', '120', 'Description of Movie 29', 'Actor 29');
INSERT INTO Movie (movie_id, title, release_date, director, age_limit, running_time, movieInfo, actor) VALUES (30, 'Movie 30', '2023-02-11', 'Director 30', '0', '120', 'Description of Movie 30', 'Actor 30');

INSERT INTO User (user_id, gender, age_id, birth_of_year, name) VALUES (1, 'Female', 12, 1955, 'User1');
INSERT INTO User (user_id, gender, age_id, birth_of_year, name) VALUES (2, 'Female', 5, 1985, 'User2');
INSERT INTO User (user_id, gender, age_id, birth_of_year, name) VALUES (3, 'Male', 4, 1964, 'User3');
INSERT INTO User (user_id, gender, age_id, birth_of_year, name) VALUES (4, 'Female', 12, 2010, 'User4');
INSERT INTO User (user_id, gender, age_id, birth_of_year, name) VALUES (5, 'Female', 11, 2008, 'User5');
INSERT INTO User (user_id, gender, age_id, birth_of_year, name) VALUES (6, 'Female', 5, 1994, 'User6');
INSERT INTO User (user_id, gender, age_id, birth_of_year, name) VALUES (7, 'Male', 4, 1953, 'User7');
INSERT INTO User (user_id, gender, age_id, birth_of_year, name) VALUES (8, 'Female', 11, 1995, 'User8');
INSERT INTO User (user_id, gender, age_id, birth_of_year, name) VALUES (9, 'Female', 12, 1997, 'User9');
INSERT INTO User (user_id, gender, age_id, birth_of_year, name) VALUES (10, 'Female', 9, 1960, 'User10');
INSERT INTO User (user_id, gender, age_id, birth_of_year, name) VALUES (11, 'Female', 2, 1988, 'User11');
INSERT INTO User (user_id, gender, age_id, birth_of_year, name) VALUES (12, 'Male', 2, 2005, 'User12');
INSERT INTO User (user_id, gender, age_id, birth_of_year, name) VALUES (13, 'Female', 7, 2000, 'User13');
INSERT INTO User (user_id, gender, age_id, birth_of_year, name) VALUES (14, 'Female', 11, 2006, 'User14');
INSERT INTO User (user_id, gender, age_id, birth_of_year, name) VALUES (15, 'Female', 5, 1998, 'User15');
INSERT INTO User (user_id, gender, age_id, birth_of_year, name) VALUES (16, 'Male', 7, 2013, 'User16');
INSERT INTO User (user_id, gender, age_id, birth_of_year, name) VALUES (17, 'Male', 7, 2013, 'User17');
INSERT INTO User (user_id, gender, age_id, birth_of_year, name) VALUES (18, 'Female', 1, 1949, 'User18');
INSERT INTO User (user_id, gender, age_id, birth_of_year, name) VALUES (19, 'Female', 6, 1954, 'User19');
INSERT INTO User (user_id, gender, age_id, birth_of_year, name) VALUES (20, 'Male', 10, 1943, 'User20');
INSERT INTO User (user_id, gender, age_id, birth_of_year, name) VALUES (21, 'Female', 6, 1982, 'User21');
INSERT INTO User (user_id, gender, age_id, birth_of_year, name) VALUES (22, 'Female', 6, 1960, 'User22');
INSERT INTO User (user_id, gender, age_id, birth_of_year, name) VALUES (23, 'Female', 8, 2007, 'User23');
INSERT INTO User (user_id, gender, age_id, birth_of_year, name) VALUES (24, 'Male', 8, 1944, 'User24');
INSERT INTO User (user_id, gender, age_id, birth_of_year, name) VALUES (25, 'Male', 10, 1972, 'User25');
INSERT INTO User (user_id, gender, age_id, birth_of_year, name) VALUES (26, 'Female', 5, 1974, 'User26');
INSERT INTO User (user_id, gender, age_id, birth_of_year, name) VALUES (27, 'Female', 5, 1991, 'User27');
INSERT INTO User (user_id, gender, age_id, birth_of_year, name) VALUES (28, 'Female', 7, 2002, 'User28');
INSERT INTO User (user_id, gender, age_id, birth_of_year, name) VALUES (29, 'Male', 8, 1952, 'User29');
INSERT INTO User (user_id, gender, age_id, birth_of_year, name) VALUES (30, 'Male', 5, 1979, 'User30');
INSERT INTO User (user_id, gender, age_id, birth_of_year, name) VALUES (31, 'Male', 10, 1974, 'User31');
INSERT INTO User (user_id, gender, age_id, birth_of_year, name) VALUES (32, 'Male', 9, 2006, 'User32');
INSERT INTO User (user_id, gender, age_id, birth_of_year, name) VALUES (33, 'Female', 9, 1980, 'User33');
INSERT INTO User (user_id, gender, age_id, birth_of_year, name) VALUES (34, 'Female', 6, 1982, 'User34');
INSERT INTO User (user_id, gender, age_id, birth_of_year, name) VALUES (35, 'Male', 1, 2011, 'User35');
INSERT INTO User (user_id, gender, age_id, birth_of_year, name) VALUES (36, 'Male', 1, 1978, 'User36');
INSERT INTO User (user_id, gender, age_id, birth_of_year, name) VALUES (37, 'Female', 6, 1944, 'User37');
INSERT INTO User (user_id, gender, age_id, birth_of_year, name) VALUES (38, 'Male', 8, 2009, 'User38');
INSERT INTO User (user_id, gender, age_id, birth_of_year, name) VALUES (39, 'Male', 7, 2004, 'User39');
INSERT INTO User (user_id, gender, age_id, birth_of_year, name) VALUES (40, 'Female', 1, 1953, 'User40');
INSERT INTO User (user_id, gender, age_id, birth_of_year, name) VALUES (41, 'Male', 12, 1965, 'User41');
INSERT INTO User (user_id, gender, age_id, birth_of_year, name) VALUES (42, 'Male', 3, 1993, 'User42');
INSERT INTO User (user_id, gender, age_id, birth_of_year, name) VALUES (43, 'Male', 10, 1999, 'User43');
INSERT INTO User (user_id, gender, age_id, birth_of_year, name) VALUES (44, 'Female', 8, 2011, 'User44');
INSERT INTO User (user_id, gender, age_id, birth_of_year, name) VALUES (45, 'Male', 4, 2010, 'User45');
INSERT INTO User (user_id, gender, age_id, birth_of_year, name) VALUES (46, 'Female', 7, 1958, 'User46');
INSERT INTO User (user_id, gender, age_id, birth_of_year, name) VALUES (47, 'Male', 2, 1989, 'User47');
INSERT INTO User (user_id, gender, age_id, birth_of_year, name) VALUES (48, 'Male', 2, 1976, 'User48');
INSERT INTO User (user_id, gender, age_id, birth_of_year, name) VALUES (49, 'Male', 5, 2009, 'User49');
INSERT INTO User (user_id, gender, age_id, birth_of_year, name) VALUES (50, 'Female', 8, 2015, 'User50');

INSERT INTO MovieGenre (genre_id, movie_id) VALUES (5, 1);
INSERT INTO MovieGenre (genre_id, movie_id) VALUES (1, 1);
INSERT INTO MovieGenre (genre_id, movie_id) VALUES (6, 1);
INSERT INTO MovieGenre (genre_id, movie_id) VALUES (10, 2);
INSERT INTO MovieGenre (genre_id, movie_id) VALUES (8, 2);
INSERT INTO MovieGenre (genre_id, movie_id) VALUES (6, 3);
INSERT INTO MovieGenre (genre_id, movie_id) VALUES (4, 3);
INSERT INTO MovieGenre (genre_id, movie_id) VALUES (8, 3);
INSERT INTO MovieGenre (genre_id, movie_id) VALUES (6, 4);
INSERT INTO MovieGenre (genre_id, movie_id) VALUES (9, 4);
INSERT INTO MovieGenre (genre_id, movie_id) VALUES (7, 5);
INSERT INTO MovieGenre (genre_id, movie_id) VALUES (8, 5);
INSERT INTO MovieGenre (genre_id, movie_id) VALUES (5, 6);
INSERT INTO MovieGenre (genre_id, movie_id) VALUES (2, 6);
INSERT INTO MovieGenre (genre_id, movie_id) VALUES (2, 7);
INSERT INTO MovieGenre (genre_id, movie_id) VALUES (10, 7);
INSERT INTO MovieGenre (genre_id, movie_id) VALUES (8, 8);
INSERT INTO MovieGenre (genre_id, movie_id) VALUES (1, 8);
INSERT INTO MovieGenre (genre_id, movie_id) VALUES (6, 8);
INSERT INTO MovieGenre (genre_id, movie_id) VALUES (8, 9);
INSERT INTO MovieGenre (genre_id, movie_id) VALUES (10, 9);
INSERT INTO MovieGenre (genre_id, movie_id) VALUES (2, 10);
INSERT INTO MovieGenre (genre_id, movie_id) VALUES (5, 10);
INSERT INTO MovieGenre (genre_id, movie_id) VALUES (9, 10);
INSERT INTO MovieGenre (genre_id, movie_id) VALUES (1, 11);
INSERT INTO MovieGenre (genre_id, movie_id) VALUES (3, 11);
INSERT INTO MovieGenre (genre_id, movie_id) VALUES (9, 11);
INSERT INTO MovieGenre (genre_id, movie_id) VALUES (1, 12);
INSERT INTO MovieGenre (genre_id, movie_id) VALUES (8, 12);
INSERT INTO MovieGenre (genre_id, movie_id) VALUES (6, 13);
INSERT INTO MovieGenre (genre_id, movie_id) VALUES (8, 13);
INSERT INTO MovieGenre (genre_id, movie_id) VALUES (5, 13);
INSERT INTO MovieGenre (genre_id, movie_id) VALUES (9, 14);
INSERT INTO MovieGenre (genre_id, movie_id) VALUES (4, 14);
INSERT INTO MovieGenre (genre_id, movie_id) VALUES (8, 14);
INSERT INTO MovieGenre (genre_id, movie_id) VALUES (3, 15);
INSERT INTO MovieGenre (genre_id, movie_id) VALUES (7, 15);
INSERT INTO MovieGenre (genre_id, movie_id) VALUES (6, 16);
INSERT INTO MovieGenre (genre_id, movie_id) VALUES (5, 16);
INSERT INTO MovieGenre (genre_id, movie_id) VALUES (9, 17);
INSERT INTO MovieGenre (genre_id, movie_id) VALUES (5, 17);
INSERT INTO MovieGenre (genre_id, movie_id) VALUES (2, 17);
INSERT INTO MovieGenre (genre_id, movie_id) VALUES (8, 18);
INSERT INTO MovieGenre (genre_id, movie_id) VALUES (4, 18);
INSERT INTO MovieGenre (genre_id, movie_id) VALUES (6, 18);
INSERT INTO MovieGenre (genre_id, movie_id) VALUES (6, 19);
INSERT INTO MovieGenre (genre_id, movie_id) VALUES (10, 19);
INSERT INTO MovieGenre (genre_id, movie_id) VALUES (9, 19);
INSERT INTO MovieGenre (genre_id, movie_id) VALUES (1, 20);
INSERT INTO MovieGenre (genre_id, movie_id) VALUES (3, 20);
INSERT INTO MovieGenre (genre_id, movie_id) VALUES (6, 20);
INSERT INTO MovieGenre (genre_id, movie_id) VALUES (4, 21);
INSERT INTO MovieGenre (genre_id, movie_id) VALUES (2, 21);
INSERT INTO MovieGenre (genre_id, movie_id) VALUES (8, 21);
INSERT INTO MovieGenre (genre_id, movie_id) VALUES (2, 22);
INSERT INTO MovieGenre (genre_id, movie_id) VALUES (10, 22);
INSERT INTO MovieGenre (genre_id, movie_id) VALUES (5, 22);
INSERT INTO MovieGenre (genre_id, movie_id) VALUES (9, 23);
INSERT INTO MovieGenre (genre_id, movie_id) VALUES (1, 23);
INSERT INTO MovieGenre (genre_id, movie_id) VALUES (6, 24);
INSERT INTO MovieGenre (genre_id, movie_id) VALUES (3, 24);
INSERT INTO MovieGenre (genre_id, movie_id) VALUES (10, 24);
INSERT INTO MovieGenre (genre_id, movie_id) VALUES (8, 25);
INSERT INTO MovieGenre (genre_id, movie_id) VALUES (7, 25);
INSERT INTO MovieGenre (genre_id, movie_id) VALUES (4, 25);
INSERT INTO MovieGenre (genre_id, movie_id) VALUES (7, 26);
INSERT INTO MovieGenre (genre_id, movie_id) VALUES (1, 26);
INSERT INTO MovieGenre (genre_id, movie_id) VALUES (2, 26);
INSERT INTO MovieGenre (genre_id, movie_id) VALUES (1, 27);
INSERT INTO MovieGenre (genre_id, movie_id) VALUES (9, 27);
INSERT INTO MovieGenre (genre_id, movie_id) VALUES (10, 27);
INSERT INTO MovieGenre (genre_id, movie_id) VALUES (2, 28);
INSERT INTO MovieGenre (genre_id, movie_id) VALUES (10, 28);
INSERT INTO MovieGenre (genre_id, movie_id) VALUES (3, 29);
INSERT INTO MovieGenre (genre_id, movie_id) VALUES (5, 29);
INSERT INTO MovieGenre (genre_id, movie_id) VALUES (2, 29);
INSERT INTO MovieGenre (genre_id, movie_id) VALUES (5, 30);
INSERT INTO MovieGenre (genre_id, movie_id) VALUES (7, 30);
INSERT INTO MovieGenre (genre_id, movie_id) VALUES (4, 30);
INSERT INTO MovieRating (user_id, movie_id, rating, watched_date, until_the_end, review) VALUES (29, 4, 3.1, '2024-06-02', TRUE, 'Review of movie 4 by user 29');
INSERT INTO MovieRating (user_id, movie_id, rating, watched_date, until_the_end, review) VALUES (19, 26, 2.4, '2024-06-25', FALSE, 'Review of movie 26 by user 19');
INSERT INTO MovieRating (user_id, movie_id, rating, watched_date, until_the_end, review) VALUES (34, 9, 4.0, '2024-06-01', TRUE, 'Review of movie 9 by user 34');
INSERT INTO MovieRating (user_id, movie_id, rating, watched_date, until_the_end, review) VALUES (22, 4, 4.1, '2024-06-19', FALSE, 'Review of movie 4 by user 22');
INSERT INTO MovieRating (user_id, movie_id, rating, watched_date, until_the_end, review) VALUES (33, 24, 0.5, '2024-06-24', FALSE, 'Review of movie 24 by user 33');
INSERT INTO MovieRating (user_id, movie_id, rating, watched_date, until_the_end, review) VALUES (3, 5, 1.3, '2024-06-16', FALSE, 'Review of movie 5 by user 3');
INSERT INTO MovieRating (user_id, movie_id, rating, watched_date, until_the_end, review) VALUES (12, 7, 1.9, '2024-06-20', FALSE, 'Review of movie 7 by user 12');
INSERT INTO MovieRating (user_id, movie_id, rating, watched_date, until_the_end, review) VALUES (22, 27, 3.1, '2024-06-07', FALSE, 'Review of movie 27 by user 22');
INSERT INTO MovieRating (user_id, movie_id, rating, watched_date, until_the_end, review) VALUES (14, 1, 1.2, '2024-06-07', FALSE, 'Review of movie 1 by user 14');
INSERT INTO MovieRating (user_id, movie_id, rating, watched_date, until_the_end, review) VALUES (10, 2, 0.8, '2024-06-26', TRUE, 'Review of movie 2 by user 10');
INSERT INTO MovieRating (user_id, movie_id, rating, watched_date, until_the_end, review) VALUES (43, 28, 4.0, '2024-06-19', TRUE, 'Review of movie 28 by user 43');
INSERT INTO MovieRating (user_id, movie_id, rating, watched_date, until_the_end, review) VALUES (48, 11, 1.3, '2024-06-15', FALSE, 'Review of movie 11 by user 48');
INSERT INTO MovieRating (user_id, movie_id, rating, watched_date, until_the_end, review) VALUES (49, 5, 2.0, '2024-06-27', TRUE, 'Review of movie 5 by user 49');
INSERT INTO MovieRating (user_id, movie_id, rating, watched_date, until_the_end, review) VALUES (30, 3, 3.5, '2024-06-22', FALSE, 'Review of movie 3 by user 30');
INSERT INTO MovieRating (user_id, movie_id, rating, watched_date, until_the_end, review) VALUES (40, 4, 2.3, '2024-06-02', TRUE, 'Review of movie 4 by user 40');
INSERT INTO MovieRating (user_id, movie_id, rating, watched_date, until_the_end, review) VALUES (35, 28, 0.6, '2024-06-27', FALSE, 'Review of movie 28 by user 35');
INSERT INTO MovieRating (user_id, movie_id, rating, watched_date, until_the_end, review) VALUES (48, 10, 1.4, '2024-06-25', FALSE, 'Review of movie 10 by user 48');
INSERT INTO MovieRating (user_id, movie_id, rating, watched_date, until_the_end, review) VALUES (42, 11, 1.8, '2024-06-02', TRUE, 'Review of movie 11 by user 42');
INSERT INTO MovieRating (user_id, movie_id, rating, watched_date, until_the_end, review) VALUES (30, 22, 2.3, '2024-06-10', TRUE, 'Review of movie 22 by user 30');
INSERT INTO MovieRating (user_id, movie_id, rating, watched_date, until_the_end, review) VALUES (27, 29, 4.9, '2024-06-04', FALSE, 'Review of movie 29 by user 27');
INSERT INTO MovieRating (user_id, movie_id, rating, watched_date, until_the_end, review) VALUES (21, 28, 3.5, '2024-06-26', FALSE, 'Review of movie 28 by user 21');
INSERT INTO MovieRating (user_id, movie_id, rating, watched_date, until_the_end, review) VALUES (31, 6, 0.2, '2024-06-01', TRUE, 'Review of movie 6 by user 31');
INSERT INTO MovieRating (user_id, movie_id, rating, watched_date, until_the_end, review) VALUES (26, 9, 4.6, '2024-06-23', TRUE, 'Review of movie 9 by user 26');
INSERT INTO MovieRating (user_id, movie_id, rating, watched_date, until_the_end, review) VALUES (40, 12, 0.4, '2024-06-08', TRUE, 'Review of movie 12 by user 40');
INSERT INTO MovieRating (user_id, movie_id, rating, watched_date, until_the_end, review) VALUES (50, 26, 1.5, '2024-06-04', FALSE, 'Review of movie 26 by user 50');
INSERT INTO MovieRating (user_id, movie_id, rating, watched_date, until_the_end, review) VALUES (45, 26, 3.5, '2024-06-12', TRUE, 'Review of movie 26 by user 45');
INSERT INTO MovieRating (user_id, movie_id, rating, watched_date, until_the_end, review) VALUES (21, 22, 1.0, '2024-06-23', TRUE, 'Review of movie 22 by user 21');
INSERT INTO MovieRating (user_id, movie_id, rating, watched_date, until_the_end, review) VALUES (39, 29, 4.4, '2024-06-11', FALSE, 'Review of movie 29 by user 39');
INSERT INTO MovieRating (user_id, movie_id, rating, watched_date, until_the_end, review) VALUES (6, 30, 1.7, '2024-06-03', FALSE, 'Review of movie 30 by user 6');
INSERT INTO MovieRating (user_id, movie_id, rating, watched_date, until_the_end, review) VALUES (42, 24, 0.5, '2024-06-18', TRUE, 'Review of movie 24 by user 42');
INSERT INTO MovieRating (user_id, movie_id, rating, watched_date, until_the_end, review) VALUES (11, 30, 0.6, '2024-06-12', FALSE, 'Review of movie 30 by user 11');
INSERT INTO MovieRating (user_id, movie_id, rating, watched_date, until_the_end, review) VALUES (24, 27, 2.8, '2024-06-15', FALSE, 'Review of movie 27 by user 24');
INSERT INTO MovieRating (user_id, movie_id, rating, watched_date, until_the_end, review) VALUES (20, 12, 3.7, '2024-06-22', FALSE, 'Review of movie 12 by user 20');
INSERT INTO MovieRating (user_id, movie_id, rating, watched_date, until_the_end, review) VALUES (49, 30, 3.1, '2024-06-12', FALSE, 'Review of movie 30 by user 49');
INSERT INTO MovieRating (user_id, movie_id, rating, watched_date, until_the_end, review) VALUES (3, 18, 4.8, '2024-06-16', TRUE, 'Review of movie 18 by user 3');
INSERT INTO MovieRating (user_id, movie_id, rating, watched_date, until_the_end, review) VALUES (43, 11, 4.3, '2024-06-21', FALSE, 'Review of movie 11 by user 43');
INSERT INTO MovieRating (user_id, movie_id, rating, watched_date, until_the_end, review) VALUES (8, 19, 4.8, '2024-06-03', TRUE, 'Review of movie 19 by user 8');
INSERT INTO MovieRating (user_id, movie_id, rating, watched_date, until_the_end, review) VALUES (32, 8, 3.2, '2024-06-20', TRUE, 'Review of movie 8 by user 32');
INSERT INTO MovieRating (user_id, movie_id, rating, watched_date, until_the_end, review) VALUES (1, 14, 2.9, '2024-06-28', FALSE, 'Review of movie 14 by user 1');
INSERT INTO MovieRating (user_id, movie_id, rating, watched_date, until_the_end, review) VALUES (41, 28, 2.8, '2024-06-07', TRUE, 'Review of movie 28 by user 41');
INSERT INTO MovieRating (user_id, movie_id, rating, watched_date, until_the_end, review) VALUES (10, 15, 2.2, '2024-06-07', TRUE, 'Review of movie 15 by user 10');
INSERT INTO MovieRating (user_id, movie_id, rating, watched_date, until_the_end, review) VALUES (30, 7, 0.9, '2024-06-06', TRUE, 'Review of movie 7 by user 30');
INSERT INTO MovieRating (user_id, movie_id, rating, watched_date, until_the_end, review) VALUES (40, 19, 3.2, '2024-06-10', FALSE, 'Review of movie 19 by user 40');
INSERT INTO MovieRating (user_id, movie_id, rating, watched_date, until_the_end, review) VALUES (24, 14, 2.6, '2024-06-24', TRUE, 'Review of movie 14 by user 24');
INSERT INTO MovieRating (user_id, movie_id, rating, watched_date, until_the_end, review) VALUES (21, 4, 1.8, '2024-06-24', TRUE, 'Review of movie 4 by user 21');
INSERT INTO MovieRating (user_id, movie_id, rating, watched_date, until_the_end, review) VALUES (41, 17, 0.5, '2024-06-27', FALSE, 'Review of movie 17 by user 41');
INSERT INTO MovieRating (user_id, movie_id, rating, watched_date, until_the_end, review) VALUES (10, 5, 0.2, '2024-06-02', FALSE, 'Review of movie 5 by user 10');
INSERT INTO MovieRating (user_id, movie_id, rating, watched_date, until_the_end, review) VALUES (8, 10, 1.1, '2024-06-27', TRUE, 'Review of movie 10 by user 8');
INSERT INTO MovieRating (user_id, movie_id, rating, watched_date, until_the_end, review) VALUES (33, 26, 3.6, '2024-06-10', TRUE, 'Review of movie 26 by user 33');
INSERT INTO MovieRating (user_id, movie_id, rating, watched_date, until_the_end, review) VALUES (34, 23, 1.8, '2024-06-23', FALSE, 'Review of movie 23 by user 34');
INSERT INTO MovieRating (user_id, movie_id, rating, watched_date, until_the_end, review) VALUES (36, 13, 1.2, '2024-06-04', FALSE, 'Review of movie 13 by user 36');
INSERT INTO MovieRating (user_id, movie_id, rating, watched_date, until_the_end, review) VALUES (44, 18, 0.2, '2024-06-13', FALSE, 'Review of movie 18 by user 44');
INSERT INTO MovieRating (user_id, movie_id, rating, watched_date, until_the_end, review) VALUES (15, 20, 0.7, '2024-06-28', FALSE, 'Review of movie 20 by user 15');
INSERT INTO MovieRating (user_id, movie_id, rating, watched_date, until_the_end, review) VALUES (14, 24, 0.7, '2024-06-02', FALSE, 'Review of movie 24 by user 14');
INSERT INTO MovieRating (user_id, movie_id, rating, watched_date, until_the_end, review) VALUES (40, 27, 1.8, '2024-06-15', FALSE, 'Review of movie 27 by user 40');
INSERT INTO MovieRating (user_id, movie_id, rating, watched_date, until_the_end, review) VALUES (17, 9, 2.9, '2024-06-11', FALSE, 'Review of movie 9 by user 17');
INSERT INTO MovieRating (user_id, movie_id, rating, watched_date, until_the_end, review) VALUES (28, 23, 1.9, '2024-06-15', TRUE, 'Review of movie 23 by user 28');
INSERT INTO MovieRating (user_id, movie_id, rating, watched_date, until_the_end, review) VALUES (31, 10, 2.8, '2024-06-11', FALSE, 'Review of movie 10 by user 31');
INSERT INTO MovieRating (user_id, movie_id, rating, watched_date, until_the_end, review) VALUES (27, 22, 0.2, '2024-06-08', TRUE, 'Review of movie 22 by user 27');
INSERT INTO MovieRating (user_id, movie_id, rating, watched_date, until_the_end, review) VALUES (47, 14, 4.9, '2024-06-15', FALSE, 'Review of movie 14 by user 47');
INSERT INTO MovieRating (user_id, movie_id, rating, watched_date, until_the_end, review) VALUES (32, 28, 4.5, '2024-06-23', FALSE, 'Review of movie 28 by user 32');
INSERT INTO MovieRating (user_id, movie_id, rating, watched_date, until_the_end, review) VALUES (36, 6, 3.9, '2024-06-15', FALSE, 'Review of movie 6 by user 36');
INSERT INTO MovieRating (user_id, movie_id, rating, watched_date, until_the_end, review) VALUES (40, 13, 4.9, '2024-06-04', FALSE, 'Review of movie 13 by user 40');
INSERT INTO MovieRating (user_id, movie_id, rating, watched_date, until_the_end, review) VALUES (45, 15, 4.2, '2024-06-13', FALSE, 'Review of movie 15 by user 45');
INSERT INTO MovieRating (user_id, movie_id, rating, watched_date, until_the_end, review) VALUES (4, 21, 4.4, '2024-06-28', FALSE, 'Review of movie 21 by user 4');
INSERT INTO MovieRating (user_id, movie_id, rating, watched_date, until_the_end, review) VALUES (24, 15, 0.7, '2024-06-24', FALSE, 'Review of movie 15 by user 24');
INSERT INTO MovieRating (user_id, movie_id, rating, watched_date, until_the_end, review) VALUES (43, 13, 3.1, '2024-06-07', TRUE, 'Review of movie 13 by user 43');
INSERT INTO MovieRating (user_id, movie_id, rating, watched_date, until_the_end, review) VALUES (21, 21, 3.9, '2024-06-24', FALSE, 'Review of movie 21 by user 21');
INSERT INTO MovieRating (user_id, movie_id, rating, watched_date, until_the_end, review) VALUES (39, 22, 2.4, '2024-06-16', FALSE, 'Review of movie 22 by user 39');
INSERT INTO MovieRating (user_id, movie_id, rating, watched_date, until_the_end, review) VALUES (40, 17, 3.4, '2024-06-27', FALSE, 'Review of movie 17 by user 40');
INSERT INTO MovieRating (user_id, movie_id, rating, watched_date, until_the_end, review) VALUES (24, 18, 3.0, '2024-06-14', TRUE, 'Review of movie 18 by user 24');
INSERT INTO MovieRating (user_id, movie_id, rating, watched_date, until_the_end, review) VALUES (45, 21, 3.7, '2024-06-09', TRUE, 'Review of movie 21 by user 45');
INSERT INTO MovieRating (user_id, movie_id, rating, watched_date, until_the_end, review) VALUES (11, 18, 4.4, '2024-06-13', TRUE, 'Review of movie 18 by user 11');
INSERT INTO MovieRating (user_id, movie_id, rating, watched_date, until_the_end, review) VALUES (37, 2, 4.6, '2024-06-02', TRUE, 'Review of movie 2 by user 37');
INSERT INTO MovieRating (user_id, movie_id, rating, watched_date, until_the_end, review) VALUES (32, 7, 2.0, '2024-06-19', FALSE, 'Review of movie 7 by user 32');
INSERT INTO MovieRating (user_id, movie_id, rating, watched_date, until_the_end, review) VALUES (27, 20, 1.4, '2024-06-01', TRUE, 'Review of movie 20 by user 27');
INSERT INTO MovieRating (user_id, movie_id, rating, watched_date, until_the_end, review) VALUES (42, 2, 0.6, '2024-06-19', FALSE, 'Review of movie 2 by user 42');
INSERT INTO MovieRating (user_id, movie_id, rating, watched_date, until_the_end, review) VALUES (28, 4, 2.7, '2024-06-25', TRUE, 'Review of movie 4 by user 28');
INSERT INTO MovieRating (user_id, movie_id, rating, watched_date, until_the_end, review) VALUES (22, 14, 2.3, '2024-06-08', FALSE, 'Review of movie 14 by user 22');
INSERT INTO MovieRating (user_id, movie_id, rating, watched_date, until_the_end, review) VALUES (15, 3, 0.3, '2024-06-17', TRUE, 'Review of movie 3 by user 15');
INSERT INTO MovieRating (user_id, movie_id, rating, watched_date, until_the_end, review) VALUES (19, 8, 0.5, '2024-06-19', TRUE, 'Review of movie 8 by user 19');
INSERT INTO MovieRating (user_id, movie_id, rating, watched_date, until_the_end, review) VALUES (48, 23, 0.9, '2024-06-26', TRUE, 'Review of movie 23 by user 48');
INSERT INTO MovieRating (user_id, movie_id, rating, watched_date, until_the_end, review) VALUES (27, 10, 1.5, '2024-06-18', FALSE, 'Review of movie 10 by user 27');
INSERT INTO MovieRating (user_id, movie_id, rating, watched_date, until_the_end, review) VALUES (25, 16, 4.2, '2024-06-27', TRUE, 'Review of movie 16 by user 25');
INSERT INTO MovieRating (user_id, movie_id, rating, watched_date, until_the_end, review) VALUES (14, 6, 4.3, '2024-06-21', FALSE, 'Review of movie 6 by user 14');
INSERT INTO MovieRating (user_id, movie_id, rating, watched_date, until_the_end, review) VALUES (34, 27, 4.2, '2024-06-03', TRUE, 'Review of movie 27 by user 34');
INSERT INTO MovieRating (user_id, movie_id, rating, watched_date, until_the_end, review) VALUES (46, 29, 2.3, '2024-06-20', FALSE, 'Review of movie 29 by user 46');
INSERT INTO MovieRating (user_id, movie_id, rating, watched_date, until_the_end, review) VALUES (18, 4, 2.7, '2024-06-15', FALSE, 'Review of movie 4 by user 18');
INSERT INTO MovieRating (user_id, movie_id, rating, watched_date, until_the_end, review) VALUES (49, 16, 2.0, '2024-06-06', TRUE, 'Review of movie 16 by user 49');
INSERT INTO MovieRating (user_id, movie_id, rating, watched_date, until_the_end, review) VALUES (41, 4, 1.1, '2024-06-26', TRUE, 'Review of movie 4 by user 41');
INSERT INTO MovieRating (user_id, movie_id, rating, watched_date, until_the_end, review) VALUES (32, 3, 3.0, '2024-06-13', FALSE, 'Review of movie 3 by user 32');
INSERT INTO MovieRating (user_id, movie_id, rating, watched_date, until_the_end, review) VALUES (26, 20, 4.1, '2024-06-23', TRUE, 'Review of movie 20 by user 26');
INSERT INTO MovieRating (user_id, movie_id, rating, watched_date, until_the_end, review) VALUES (15, 5, 2.9, '2024-06-14', FALSE, 'Review of movie 5 by user 15');
INSERT INTO MovieRating (user_id, movie_id, rating, watched_date, until_the_end, review) VALUES (11, 20, 3.4, '2024-06-04', FALSE, 'Review of movie 20 by user 11');
INSERT INTO MovieRating (user_id, movie_id, rating, watched_date, until_the_end, review) VALUES (16, 29, 1.9, '2024-06-02', TRUE, 'Review of movie 29 by user 16');
INSERT INTO MovieRating (user_id, movie_id, rating, watched_date, until_the_end, review) VALUES (33, 25, 2.8, '2024-06-12', FALSE, 'Review of movie 25 by user 33');
INSERT INTO MovieRating (user_id, movie_id, rating, watched_date, until_the_end, review) VALUES (3, 21, 1.9, '2024-06-07', TRUE, 'Review of movie 21 by user 3');
INSERT INTO MovieRating (user_id, movie_id, rating, watched_date, until_the_end, review) VALUES (29, 15, 4.1, '2024-06-21', FALSE, 'Review of movie 15 by user 29');
INSERT INTO MovieRating (user_id, movie_id, rating, watched_date, until_the_end, review) VALUES (50, 1, 1.6, '2024-06-08', TRUE, 'Review of movie 1 by user 50');
INSERT INTO MovieRating (user_id, movie_id, rating, watched_date, until_the_end, review) VALUES (43, 18, 4.1, '2024-06-04', TRUE, 'Review of movie 18 by user 43');
INSERT INTO MovieRating (user_id, movie_id, rating, watched_date, until_the_end, review) VALUES (39, 12, 4.7, '2024-06-16', TRUE, 'Review of movie 12 by user 39');
INSERT INTO MovieRating (user_id, movie_id, rating, watched_date, until_the_end, review) VALUES (36, 23, 2.3, '2024-06-27', FALSE, 'Review of movie 23 by user 36');
INSERT INTO MovieRating (user_id, movie_id, rating, watched_date, until_the_end, review) VALUES (43, 21, 2.0, '2024-06-28', TRUE, 'Review of movie 21 by user 43');
INSERT INTO MovieRating (user_id, movie_id, rating, watched_date, until_the_end, review) VALUES (28, 20, 0.9, '2024-06-04', TRUE, 'Review of movie 20 by user 28');
INSERT INTO MovieRating (user_id, movie_id, rating, watched_date, until_the_end, review) VALUES (23, 8, 3.2, '2024-06-26', FALSE, 'Review of movie 8 by user 23');
INSERT INTO MovieRating (user_id, movie_id, rating, watched_date, until_the_end, review) VALUES (46, 18, 2.6, '2024-06-03', FALSE, 'Review of movie 18 by user 46');
INSERT INTO MovieRating (user_id, movie_id, rating, watched_date, until_the_end, review) VALUES (24, 21, 1.4, '2024-06-04', FALSE, 'Review of movie 21 by user 24');
INSERT INTO MovieRating (user_id, movie_id, rating, watched_date, until_the_end, review) VALUES (24, 11, 0.9, '2024-06-20', TRUE, 'Review of movie 11 by user 24');
INSERT INTO MovieRating (user_id, movie_id, rating, watched_date, until_the_end, review) VALUES (8, 21, 4.9, '2024-06-21', TRUE, 'Review of movie 21 by user 8');
INSERT INTO MovieRating (user_id, movie_id, rating, watched_date, until_the_end, review) VALUES (22, 26, 1.1, '2024-06-09', TRUE, 'Review of movie 26 by user 22');
INSERT INTO MovieRating (user_id, movie_id, rating, watched_date, until_the_end, review) VALUES (14, 29, 1.8, '2024-06-16', FALSE, 'Review of movie 29 by user 14');
INSERT INTO MovieRating (user_id, movie_id, rating, watched_date, until_the_end, review) VALUES (29, 18, 0.5, '2024-06-18', FALSE, 'Review of movie 18 by user 29');
INSERT INTO MovieRating (user_id, movie_id, rating, watched_date, until_the_end, review) VALUES (43, 4, 3.3, '2024-06-23', TRUE, 'Review of movie 4 by user 43');
INSERT INTO MovieRating (user_id, movie_id, rating, watched_date, until_the_end, review) VALUES (50, 25, 0.7, '2024-06-27', FALSE, 'Review of movie 25 by user 50');
INSERT INTO MovieRating (user_id, movie_id, rating, watched_date, until_the_end, review) VALUES (32, 29, 2.5, '2024-06-17', TRUE, 'Review of movie 29 by user 32');
INSERT INTO MovieRating (user_id, movie_id, rating, watched_date, until_the_end, review) VALUES (10, 13, 3.1, '2024-06-26', TRUE, 'Review of movie 13 by user 10');
INSERT INTO MovieRating (user_id, movie_id, rating, watched_date, until_the_end, review) VALUES (16, 4, 1.6, '2024-06-02', TRUE, 'Review of movie 4 by user 16');
INSERT INTO MovieRating (user_id, movie_id, rating, watched_date, until_the_end, review) VALUES (26, 10, 0.7, '2024-06-20', TRUE, 'Review of movie 10 by user 26');
INSERT INTO MovieRating (user_id, movie_id, rating, watched_date, until_the_end, review) VALUES (21, 3, 0.9, '2024-06-23', TRUE, 'Review of movie 3 by user 21');
INSERT INTO MovieRating (user_id, movie_id, rating, watched_date, until_the_end, review) VALUES (39, 24, 0.4, '2024-06-13', TRUE, 'Review of movie 24 by user 39');
INSERT INTO MovieRating (user_id, movie_id, rating, watched_date, until_the_end, review) VALUES (45, 18, 0.8, '2024-06-20', TRUE, 'Review of movie 18 by user 45');
INSERT INTO MovieRating (user_id, movie_id, rating, watched_date, until_the_end, review) VALUES (30, 5, 3.3, '2024-06-01', TRUE, 'Review of movie 5 by user 30');
INSERT INTO MovieRating (user_id, movie_id, rating, watched_date, until_the_end, review) VALUES (21, 25, 3.0, '2024-06-16', TRUE, 'Review of movie 25 by user 21');
INSERT INTO MovieRating (user_id, movie_id, rating, watched_date, until_the_end, review) VALUES (15, 23, 4.7, '2024-06-25', TRUE, 'Review of movie 23 by user 15');
INSERT INTO MovieRating (user_id, movie_id, rating, watched_date, until_the_end, review) VALUES (50, 29, 3.4, '2024-06-26', FALSE, 'Review of movie 29 by user 50');
INSERT INTO MovieRating (user_id, movie_id, rating, watched_date, until_the_end, review) VALUES (3, 7, 3.7, '2024-06-17', TRUE, 'Review of movie 7 by user 3');
INSERT INTO MovieRating (user_id, movie_id, rating, watched_date, until_the_end, review) VALUES (29, 2, 2.1, '2024-06-21', FALSE, 'Review of movie 2 by user 29');
INSERT INTO MovieRating (user_id, movie_id, rating, watched_date, until_the_end, review) VALUES (50, 5, 3.1, '2024-06-14', TRUE, 'Review of movie 5 by user 50');
INSERT INTO MovieRating (user_id, movie_id, rating, watched_date, until_the_end, review) VALUES (1, 17, 3.3, '2024-06-14', FALSE, 'Review of movie 17 by user 1');
INSERT INTO MovieRating (user_id, movie_id, rating, watched_date, until_the_end, review) VALUES (25, 9, 2.4, '2024-06-15', TRUE, 'Review of movie 9 by user 25');
INSERT INTO MovieRating (user_id, movie_id, rating, watched_date, until_the_end, review) VALUES (13, 16, 2.4, '2024-06-07', FALSE, 'Review of movie 16 by user 13');
INSERT INTO MovieRating (user_id, movie_id, rating, watched_date, until_the_end, review) VALUES (32, 5, 0.0, '2024-06-04', FALSE, 'Review of movie 5 by user 32');
INSERT INTO MovieRating (user_id, movie_id, rating, watched_date, until_the_end, review) VALUES (44, 8, 0.3, '2024-06-05', FALSE, 'Review of movie 8 by user 44');
INSERT INTO MovieRating (user_id, movie_id, rating, watched_date, until_the_end, review) VALUES (6, 2, 3.6, '2024-06-14', TRUE, 'Review of movie 2 by user 6');
INSERT INTO MovieRating (user_id, movie_id, rating, watched_date, until_the_end, review) VALUES (16, 15, 3.9, '2024-06-17', FALSE, 'Review of movie 15 by user 16');
INSERT INTO MovieRating (user_id, movie_id, rating, watched_date, until_the_end, review) VALUES (33, 20, 0.2, '2024-06-12', FALSE, 'Review of movie 20 by user 33');
INSERT INTO MovieRating (user_id, movie_id, rating, watched_date, until_the_end, review) VALUES (12, 20, 2.8, '2024-06-03', FALSE, 'Review of movie 20 by user 12');